Year,Predicted_Temperature,Lower_95CI,Upper_95CI
2025,22.89999999999999,22.300000000000004,23.5
2026,22.94999999999999,22.320000000000007,23.600000000000023
2027,23.0,22.340000000000003,23.700000000000017
2028,23.049999999999997,22.360000000000007,23.80000000000001
2029,23.099999999999994,22.38000000000001,23.900000000000006
